극장판 이나즈마 일레븐 최강군단 오우거의 습격,https://namu.wiki/w/%EA%B7%B9%EC%9E%A5%ED%8C%90%20%EC%9D%B4%EB%82%98%EC%A6%88%EB%A7%88%20%EC%9D%BC%EB%A0%88%EB%B8%90%20%EC%B5%9C%EA%B0%95%EA%B5%B0%EB%8B%A8%20%EC%98%A4%EC%9A%B0%EA%B1%B0%EC%9D%98%20%EC%8A%B5%EA%B2%A9
파일:군산 버스 19번 우성여객 2023호.jpg,https://namu.wiki/w/%ED%8C%8C%EC%9D%BC:%EA%B5%B0%EC%82%B0%20%EB%B2%84%EC%8A%A4%2019%EB%B2%88%20%EC%9A%B0%EC%84%B1%EC%97%AC%EA%B0%9D%202023%ED%98%B8.jpg
1991년 이라크 봉기,https://namu.wiki/w/1991%EB%85%84%20%EC%9D%B4%EB%9D%BC%ED%81%AC%20%EB%B4%89%EA%B8%B0
2003 쇼트트랙 스피드 스케이팅 유럽선수권 대회,https://namu.wiki/w/2003%20%EC%87%BC%ED%8A%B8%ED%8A%B8%EB%9E%99%20%EC%8A%A4%ED%94%BC%EB%93%9C%20%EC%8A%A4%EC%BC%80%EC%9D%B4%ED%8C%85%20%EC%9C%A0%EB%9F%BD%EC%84%A0%EC%88%98%EA%B6%8C%20%EB%8C%80%ED%9A%8C
불꽃 파이터즈/역대 전적/2026 시즌/경기 목록,https://namu.wiki/w/%EB%B6%88%EA%BD%83%20%ED%8C%8C%EC%9D%B4%ED%84%B0%EC%A6%88/%EC%97%AD%EB%8C%80%20%EC%A0%84%EC%A0%81/2026%20%EC%8B%9C%EC%A6%8C/%EA%B2%BD%EA%B8%B0%20%EB%AA%A9%EB%A1%9D
흑색왜성,https://namu.wiki/w/%ED%9D%91%EC%83%89%EC%99%9C%EC%84%B1
파일:포스터 6888 중앙우편대대.jpg,https://namu.wiki/w/%ED%8C%8C%EC%9D%BC:%ED%8F%AC%EC%8A%A4%ED%84%B0%206888%20%EC%A4%91%EC%95%99%EC%9A%B0%ED%8E%B8%EB%8C%80%EB%8C%80.jpg
김환희/골 때리는 그녀들/클럽 경력,https://namu.wiki/w/%EA%B9%80%ED%99%98%ED%9D%AC/%EA%B3%A8%20%EB%95%8C%EB%A6%AC%EB%8A%94%20%EA%B7%B8%EB%85%80%EB%93%A4/%ED%81%B4%EB%9F%BD%20%EA%B2%BD%EB%A0%A5
파일:NS01.jpg,https://namu.wiki/w/%ED%8C%8C%EC%9D%BC:NS01.jpg
사용자:Hexy_Joe/빠른 이동 및 연습장,https://namu.wiki/w/%EC%82%AC%EC%9A%A9%EC%9E%90:Hexy_Joe/%EB%B9%A0%EB%A5%B8%20%EC%9D%B4%EB%8F%99%20%EB%B0%8F%20%EC%97%B0%EC%8A%B5%EC%9E%A5
난칸마치,https://namu.wiki/w/%EB%82%9C%EC%B9%B8%EB%A7%88%EC%B9%98
파일:난칸마치 로고.png,https://namu.wiki/w/%ED%8C%8C%EC%9D%BC:%EB%82%9C%EC%B9%B8%EB%A7%88%EC%B9%98%20%EB%A1%9C%EA%B3%A0.png
손무,https://namu.wiki/w/%EC%86%90%EB%AC%B4
FSO 폴로네즈,https://namu.wiki/w/FSO%20%ED%8F%B4%EB%A1%9C%EB%84%A4%EC%A6%88
2002 쇼트트랙 스피드 스케이팅 유럽선수권 대회,https://namu.wiki/w/2002%20%EC%87%BC%ED%8A%B8%ED%8A%B8%EB%9E%99%20%EC%8A%A4%ED%94%BC%EB%93%9C%20%EC%8A%A4%EC%BC%80%EC%9D%B4%ED%8C%85%20%EC%9C%A0%EB%9F%BD%EC%84%A0%EC%88%98%EA%B6%8C%20%EB%8C%80%ED%9A%8C
PC정비사,https://namu.wiki/w/PC%EC%A0%95%EB%B9%84%EC%82%AC
불꽃 파이터즈/역대 전적/2026 시즌/경기 목록,https://namu.wiki/w/%EB%B6%88%EA%BD%83%20%ED%8C%8C%EC%9D%B4%ED%84%B0%EC%A6%88/%EC%97%AD%EB%8C%80%20%EC%A0%84%EC%A0%81/2026%20%EC%8B%9C%EC%A6%8C/%EA%B2%BD%EA%B8%B0%20%EB%AA%A9%EB%A1%9D
분류:바트주의 이라크의 전쟁 및 전투,https://namu.wiki/w/%EB%B6%84%EB%A5%98:%EB%B0%94%ED%8A%B8%EC%A3%BC%EC%9D%98%20%EC%9D%B4%EB%9D%BC%ED%81%AC%EC%9D%98%20%EC%A0%84%EC%9F%81%20%EB%B0%8F%20%EC%A0%84%ED%88%AC
김환희/골 때리는 그녀들/클럽 경력/FC 액셔니스타,https://namu.wiki/w/%EA%B9%80%ED%99%98%ED%9D%AC/%EA%B3%A8%20%EB%95%8C%EB%A6%AC%EB%8A%94%20%EA%B7%B8%EB%85%80%EB%93%A4/%ED%81%B4%EB%9F%BD%20%EA%B2%BD%EB%A0%A5/FC%20%EC%95%A1%EC%85%94%EB%8B%88%EC%8A%A4%ED%83%80
안양 정관장 레드부스터스,https://namu.wiki/w/%EC%95%88%EC%96%91%20%EC%A0%95%EA%B4%80%EC%9E%A5%20%EB%A0%88%EB%93%9C%EB%B6%80%EC%8A%A4%ED%84%B0%EC%8A%A4
잔스파인/SD건담 지 제네레이션 이터널/UR,https://namu.wiki/w/%EC%9E%94%EC%8A%A4%ED%8C%8C%EC%9D%B8/SD%EA%B1%B4%EB%8B%B4%20%EC%A7%80%20%EC%A0%9C%EB%84%A4%EB%A0%88%EC%9D%B4%EC%85%98%20%EC%9D%B4%ED%84%B0%EB%84%90/UR
사용자:SamSara,https://namu.wiki/w/%EC%82%AC%EC%9A%A9%EC%9E%90:SamSara
부산 OK저축은행 읏맨,https://namu.wiki/w/%EB%B6%80%EC%82%B0%20OK%EC%A0%80%EC%B6%95%EC%9D%80%ED%96%89%20%EC%9D%8F%EB%A7%A8
파일:뱀프킹 도도.png,https://namu.wiki/w/%ED%8C%8C%EC%9D%BC:%EB%B1%80%ED%94%84%ED%82%B9%20%EB%8F%84%EB%8F%84.png
파일:난칸마치 로고.png,https://namu.wiki/w/%ED%8C%8C%EC%9D%BC:%EB%82%9C%EC%B9%B8%EB%A7%88%EC%B9%98%20%EB%A1%9C%EA%B3%A0.png
토오사카 린/작중 행적/본편,https://namu.wiki/w/%ED%86%A0%EC%98%A4%EC%82%AC%EC%B9%B4%20%EB%A6%B0/%EC%9E%91%EC%A4%91%20%ED%96%89%EC%A0%81/%EB%B3%B8%ED%8E%B8
김주성(야구선수)/선수 경력,https://namu.wiki/w/%EA%B9%80%EC%A3%BC%EC%84%B1(%EC%95%BC%EA%B5%AC%EC%84%A0%EC%88%98)/%EC%84%A0%EC%88%98%20%EA%B2%BD%EB%A0%A5
리그 오브 레전드/증강/프리즘,https://namu.wiki/w/%EB%A6%AC%EA%B7%B8%20%EC%98%A4%EB%B8%8C%20%EB%A0%88%EC%A0%84%EB%93%9C/%EC%A6%9D%EA%B0%95/%ED%94%84%EB%A6%AC%EC%A6%98
조지 웨아,https://namu.wiki/w/%EC%A1%B0%EC%A7%80%20%EC%9B%A8%EC%95%84
사용자:Wpdl,https://namu.wiki/w/%EC%82%AC%EC%9A%A9%EC%9E%90:Wpdl
아스파르,https://namu.wiki/w/%EC%95%84%EC%8A%A4%ED%8C%8C%EB%A5%B4
2025년/사건,https://namu.wiki/w/2025%EB%85%84/%EC%82%AC%EA%B1%B4
와다,https://namu.wiki/w/%EC%99%80%EB%8B%A4
김승혜,https://namu.wiki/w/%EA%B9%80%EC%8A%B9%ED%98%9C
쇼트트랙 스피드 스케이팅 유럽선수권 대회,https://namu.wiki/w/%EC%87%BC%ED%8A%B8%ED%8A%B8%EB%9E%99%20%EC%8A%A4%ED%94%BC%EB%93%9C%20%EC%8A%A4%EC%BC%80%EC%9D%B4%ED%8C%85%20%EC%9C%A0%EB%9F%BD%EC%84%A0%EC%88%98%EA%B6%8C%20%EB%8C%80%ED%9A%8C
카드 앙 시엘/카드/드로,https://namu.wiki/w/%EC%B9%B4%EB%93%9C%20%EC%95%99%20%EC%8B%9C%EC%97%98/%EC%B9%B4%EB%93%9C/%EB%93%9C%EB%A1%9C
조영우(2004),https://namu.wiki/w/%EC%A1%B0%EC%98%81%EC%9A%B0(2004)
남궁인,https://namu.wiki/w/%EB%82%A8%EA%B6%81%EC%9D%B8
SNH48 그룹,https://namu.wiki/w/SNH48%20%EA%B7%B8%EB%A3%B9
더리브,https://namu.wiki/w/%EB%8D%94%EB%A6%AC%EB%B8%8C
파일:뱀프킹 도도.png,https://namu.wiki/w/%ED%8C%8C%EC%9D%BC:%EB%B1%80%ED%94%84%ED%82%B9%20%EB%8F%84%EB%8F%84.png
제단(워크래프트 3),https://namu.wiki/w/%EC%A0%9C%EB%8B%A8(%EC%9B%8C%ED%81%AC%EB%9E%98%ED%94%84%ED%8A%B8%203)
레오 1세,https://namu.wiki/w/%EB%A0%88%EC%98%A4%201%EC%84%B8
더리브,https://namu.wiki/w/%EB%8D%94%EB%A6%AC%EB%B8%8C
황유민,https://namu.wiki/w/%ED%99%A9%EC%9C%A0%EB%AF%BC
틀:냉전/미국 보병장비,https://namu.wiki/w/%ED%8B%80:%EB%83%89%EC%A0%84/%EB%AF%B8%EA%B5%AD%20%EB%B3%B4%EB%B3%91%EC%9E%A5%EB%B9%84
틀:냉전/미국 보병장비,https://namu.wiki/w/%ED%8B%80:%EB%83%89%EC%A0%84/%EB%AF%B8%EA%B5%AD%20%EB%B3%B4%EB%B3%91%EC%9E%A5%EB%B9%84
라인맨,https://namu.wiki/w/%EB%9D%BC%EC%9D%B8%EB%A7%A8
제단(워크래프트 3),https://namu.wiki/w/%EC%A0%9C%EB%8B%A8(%EC%9B%8C%ED%81%AC%EB%9E%98%ED%94%84%ED%8A%B8%203)
쿠키런/보물/보물뽑기/S급/체력보정및 이동속도 제외 보물,https://namu.wiki/w/%EC%BF%A0%ED%82%A4%EB%9F%B0/%EB%B3%B4%EB%AC%BC/%EB%B3%B4%EB%AC%BC%EB%BD%91%EA%B8%B0/S%EA%B8%89/%EC%B2%B4%EB%A0%A5%EB%B3%B4%EC%A0%95%EB%B0%8F%20%EC%9D%B4%EB%8F%99%EC%86%8D%EB%8F%84%20%EC%A0%9C%EC%99%B8%20%EB%B3%B4%EB%AC%BC
함창중앙초등학교,https://namu.wiki/w/%ED%95%A8%EC%B0%BD%EC%A4%91%EC%95%99%EC%B4%88%EB%93%B1%ED%95%99%EA%B5%90
부산 OK저축은행 읏맨,https://namu.wiki/w/%EB%B6%80%EC%82%B0%20OK%EC%A0%80%EC%B6%95%EC%9D%80%ED%96%89%20%EC%9D%8F%EB%A7%A8
1 대 100/방영 목록/2016~2018년,https://namu.wiki/w/1%20%EB%8C%80%20100/%EB%B0%A9%EC%98%81%20%EB%AA%A9%EB%A1%9D/2016~2018%EB%85%84
포르자 호라이즌 6/평가,https://namu.wiki/w/%ED%8F%AC%EB%A5%B4%EC%9E%90%20%ED%98%B8%EB%9D%BC%EC%9D%B4%EC%A6%8C%206/%ED%8F%89%EA%B0%80
조지 웨아,https://namu.wiki/w/%EC%A1%B0%EC%A7%80%20%EC%9B%A8%EC%95%84
암살자(들)/등장인물,https://namu.wiki/w/%EC%95%94%EC%82%B4%EC%9E%90(%EB%93%A4)/%EB%93%B1%EC%9E%A5%EC%9D%B8%EB%AC%BC
틀:황민현,https://namu.wiki/w/%ED%8B%80:%ED%99%A9%EB%AF%BC%ED%98%84
식스 플래그 키디야 시티,https://namu.wiki/w/%EC%8B%9D%EC%8A%A4%20%ED%94%8C%EB%9E%98%EA%B7%B8%20%ED%82%A4%EB%94%94%EC%95%BC%20%EC%8B%9C%ED%8B%B0
후지카와 큐지,https://namu.wiki/w/%ED%9B%84%EC%A7%80%EC%B9%B4%EC%99%80%20%ED%81%90%EC%A7%80
북항친수공원 상어 출몰 사건,https://namu.wiki/w/%EB%B6%81%ED%95%AD%EC%B9%9C%EC%88%98%EA%B3%B5%EC%9B%90%20%EC%83%81%EC%96%B4%20%EC%B6%9C%EB%AA%B0%20%EC%82%AC%EA%B1%B4
때리멍,https://namu.wiki/w/%EB%95%8C%EB%A6%AC%EB%A9%8D
부캉이,https://namu.wiki/w/%EB%B6%80%EC%BA%89%EC%9D%B4
틀:역대 쇼트트랙 스피드 스케이팅 유럽선수권 대회 남자부 종합 순위,https://namu.wiki/w/%ED%8B%80:%EC%97%AD%EB%8C%80%20%EC%87%BC%ED%8A%B8%ED%8A%B8%EB%9E%99%20%EC%8A%A4%ED%94%BC%EB%93%9C%20%EC%8A%A4%EC%BC%80%EC%9D%B4%ED%8C%85%20%EC%9C%A0%EB%9F%BD%EC%84%A0%EC%88%98%EA%B6%8C%20%EB%8C%80%ED%9A%8C%20%EB%82%A8%EC%9E%90%EB%B6%80%20%EC%A2%85%ED%95%A9%20%EC%88%9C%EC%9C%84
김환희/골 때리는 그녀들/시즌 9,https://namu.wiki/w/%EA%B9%80%ED%99%98%ED%9D%AC/%EA%B3%A8%20%EB%95%8C%EB%A6%AC%EB%8A%94%20%EA%B7%B8%EB%85%80%EB%93%A4/%EC%8B%9C%EC%A6%8C%209
제단(워크래프트 3),https://namu.wiki/w/%EC%A0%9C%EB%8B%A8(%EC%9B%8C%ED%81%AC%EB%9E%98%ED%94%84%ED%8A%B8%203)
데지레 두에,https://namu.wiki/w/%EB%8D%B0%EC%A7%80%EB%A0%88%20%EB%91%90%EC%97%90
조희대/논란 및 사건 사고,https://namu.wiki/w/%EC%A1%B0%ED%9D%AC%EB%8C%80/%EB%85%BC%EB%9E%80%20%EB%B0%8F%20%EC%82%AC%EA%B1%B4%20%EC%82%AC%EA%B3%A0
통행방향/차마,https://namu.wiki/w/%ED%86%B5%ED%96%89%EB%B0%A9%ED%96%A5/%EC%B0%A8%EB%A7%88
불꽃 파이터즈/역대 전적/2026 시즌/경기 목록,https://namu.wiki/w/%EB%B6%88%EA%BD%83%20%ED%8C%8C%EC%9D%B4%ED%84%B0%EC%A6%88/%EC%97%AD%EB%8C%80%20%EC%A0%84%EC%A0%81/2026%20%EC%8B%9C%EC%A6%8C/%EA%B2%BD%EA%B8%B0%20%EB%AA%A9%EB%A1%9D
틀:해나(엔젤노이즈),https://namu.wiki/w/%ED%8B%80:%ED%95%B4%EB%82%98(%EC%97%94%EC%A0%A4%EB%85%B8%EC%9D%B4%EC%A6%88)
조희대/생애,https://namu.wiki/w/%EC%A1%B0%ED%9D%AC%EB%8C%80/%EC%83%9D%EC%95%A0
조지 웨아,https://namu.wiki/w/%EC%A1%B0%EC%A7%80%20%EC%9B%A8%EC%95%84
파일:pvzs39.png,https://namu.wiki/w/%ED%8C%8C%EC%9D%BC:pvzs39.png
파일:나고미마치 문장.svg,https://namu.wiki/w/%ED%8C%8C%EC%9D%BC:%EB%82%98%EA%B3%A0%EB%AF%B8%EB%A7%88%EC%B9%98%20%EB%AC%B8%EC%9E%A5.svg
뻘미스,https://namu.wiki/w/%EB%BB%98%EB%AF%B8%EC%8A%A4
"무너진 성자 미카엘라 레이드/던전/1, 2페이즈",https://namu.wiki/w/%EB%AC%B4%EB%84%88%EC%A7%84%20%EC%84%B1%EC%9E%90%20%EB%AF%B8%EC%B9%B4%EC%97%98%EB%9D%BC%20%EB%A0%88%EC%9D%B4%EB%93%9C/%EB%8D%98%EC%A0%84/1%2C%202%ED%8E%98%EC%9D%B4%EC%A6%88
풋볼매니저/선수 능력치,https://namu.wiki/w/%ED%92%8B%EB%B3%BC%EB%A7%A4%EB%8B%88%EC%A0%80/%EC%84%A0%EC%88%98%20%EB%8A%A5%EB%A0%A5%EC%B9%98
노태악 대법관 후임 인선 갈등 사태,https://namu.wiki/w/%EB%85%B8%ED%83%9C%EC%95%85%20%EB%8C%80%EB%B2%95%EA%B4%80%20%ED%9B%84%EC%9E%84%20%EC%9D%B8%EC%84%A0%20%EA%B0%88%EB%93%B1%20%EC%82%AC%ED%83%9C
틀:역대 쇼트트랙 스피드 스케이팅 유럽선수권 대회 여자부 우승자,https://namu.wiki/w/%ED%8B%80:%EC%97%AD%EB%8C%80%20%EC%87%BC%ED%8A%B8%ED%8A%B8%EB%9E%99%20%EC%8A%A4%ED%94%BC%EB%93%9C%20%EC%8A%A4%EC%BC%80%EC%9D%B4%ED%8C%85%20%EC%9C%A0%EB%9F%BD%EC%84%A0%EC%88%98%EA%B6%8C%20%EB%8C%80%ED%9A%8C%20%EC%97%AC%EC%9E%90%EB%B6%80%20%EC%9A%B0%EC%8A%B9%EC%9E%90
사용자:cookingdumo0o/연습장,https://namu.wiki/w/%EC%82%AC%EC%9A%A9%EC%9E%90:cookingdumo0o/%EC%97%B0%EC%8A%B5%EC%9E%A5
카메짐,https://namu.wiki/w/%EC%B9%B4%EB%A9%94%EC%A7%90
틀:역대 쇼트트랙 스피드 스케이팅 유럽선수권 대회 여자부 종합 순위,https://namu.wiki/w/%ED%8B%80:%EC%97%AD%EB%8C%80%20%EC%87%BC%ED%8A%B8%ED%8A%B8%EB%9E%99%20%EC%8A%A4%ED%94%BC%EB%93%9C%20%EC%8A%A4%EC%BC%80%EC%9D%B4%ED%8C%85%20%EC%9C%A0%EB%9F%BD%EC%84%A0%EC%88%98%EA%B6%8C%20%EB%8C%80%ED%9A%8C%20%EC%97%AC%EC%9E%90%EB%B6%80%20%EC%A2%85%ED%95%A9%20%EC%88%9C%EC%9C%84
마블 어벤저스 얼라이언스/스토리,https://namu.wiki/w/%EB%A7%88%EB%B8%94%20%EC%96%B4%EB%B2%A4%EC%A0%80%EC%8A%A4%20%EC%96%BC%EB%9D%BC%EC%9D%B4%EC%96%B8%EC%8A%A4/%EC%8A%A4%ED%86%A0%EB%A6%AC
먼작귀/애니메이션,https://namu.wiki/w/%EB%A8%BC%EC%9E%91%EA%B7%80/%EC%95%A0%EB%8B%88%EB%A9%94%EC%9D%B4%EC%85%98
사준우,https://namu.wiki/w/%EC%82%AC%EC%A4%80%EC%9A%B0
바스티온(90년대 마블 애니메이션 시리즈),https://namu.wiki/w/%EB%B0%94%EC%8A%A4%ED%8B%B0%EC%98%A8(90%EB%85%84%EB%8C%80%20%EB%A7%88%EB%B8%94%20%EC%95%A0%EB%8B%88%EB%A9%94%EC%9D%B4%EC%85%98%20%EC%8B%9C%EB%A6%AC%EC%A6%88)
보스 재생실,https://namu.wiki/w/%EB%B3%B4%EC%8A%A4%20%EC%9E%AC%EC%83%9D%EC%8B%A4
제단(워크래프트 3),https://namu.wiki/w/%EC%A0%9C%EB%8B%A8(%EC%9B%8C%ED%81%AC%EB%9E%98%ED%94%84%ED%8A%B8%203)
틀:역대 쇼트트랙 스피드 스케이팅 유럽선수권 대회 남자부 우승자,https://namu.wiki/w/%ED%8B%80:%EC%97%AD%EB%8C%80%20%EC%87%BC%ED%8A%B8%ED%8A%B8%EB%9E%99%20%EC%8A%A4%ED%94%BC%EB%93%9C%20%EC%8A%A4%EC%BC%80%EC%9D%B4%ED%8C%85%20%EC%9C%A0%EB%9F%BD%EC%84%A0%EC%88%98%EA%B6%8C%20%EB%8C%80%ED%9A%8C%20%EB%82%A8%EC%9E%90%EB%B6%80%20%EC%9A%B0%EC%8A%B9%EC%9E%90
황유민,https://namu.wiki/w/%ED%99%A9%EC%9C%A0%EB%AF%BC
틀:온라인 중고거래 플랫폼,https://namu.wiki/w/%ED%8B%80:%EC%98%A8%EB%9D%BC%EC%9D%B8%20%EC%A4%91%EA%B3%A0%EA%B1%B0%EB%9E%98%20%ED%94%8C%EB%9E%AB%ED%8F%BC
Bluesky,https://namu.wiki/w/Bluesky
캐슬디펜스,https://namu.wiki/w/%EC%BA%90%EC%8A%AC%EB%94%94%ED%8E%9C%EC%8A%A4
러브 라이브! 시리즈 오피셜 카드 게임/PR 카드,https://namu.wiki/w/%EB%9F%AC%EB%B8%8C%20%EB%9D%BC%EC%9D%B4%EB%B8%8C!%20%EC%8B%9C%EB%A6%AC%EC%A6%88%20%EC%98%A4%ED%94%BC%EC%85%9C%20%EC%B9%B4%EB%93%9C%20%EA%B2%8C%EC%9E%84/PR%20%EC%B9%B4%EB%93%9C
흔들리는 경시청 1200만 명의 인질,https://namu.wiki/w/%ED%9D%94%EB%93%A4%EB%A6%AC%EB%8A%94%20%EA%B2%BD%EC%8B%9C%EC%B2%AD%201200%EB%A7%8C%20%EB%AA%85%EC%9D%98%20%EC%9D%B8%EC%A7%88
분류:쇼트트랙 스피드 스케이팅 유럽선수권 대회,https://namu.wiki/w/%EB%B6%84%EB%A5%98:%EC%87%BC%ED%8A%B8%ED%8A%B8%EB%9E%99%20%EC%8A%A4%ED%94%BC%EB%93%9C%20%EC%8A%A4%EC%BC%80%EC%9D%B4%ED%8C%85%20%EC%9C%A0%EB%9F%BD%EC%84%A0%EC%88%98%EA%B6%8C%20%EB%8C%80%ED%9A%8C
분류:쇼트트랙 스피드 스케이팅 유럽선수권,https://namu.wiki/w/%EB%B6%84%EB%A5%98:%EC%87%BC%ED%8A%B8%ED%8A%B8%EB%9E%99%20%EC%8A%A4%ED%94%BC%EB%93%9C%20%EC%8A%A4%EC%BC%80%EC%9D%B4%ED%8C%85%20%EC%9C%A0%EB%9F%BD%EC%84%A0%EC%88%98%EA%B6%8C
황유민,https://namu.wiki/w/%ED%99%A9%EC%9C%A0%EB%AF%BC
노미스 클리어,https://namu.wiki/w/%EB%85%B8%EB%AF%B8%EC%8A%A4%20%ED%81%B4%EB%A6%AC%EC%96%B4
라인맨,https://namu.wiki/w/%EB%9D%BC%EC%9D%B8%EB%A7%A8
